Date,Investment Category,Type,Stock,Transacted Units,Transacted Price (per unit),Fees,Stock Split Ratio,Previous Units,Cumulative Units,Transacted Value,Previous Cost,Cost of Transaction,Avg Stock Price,Cumulative Cost,Gains/Losses from Sale,Realised Gains/Losses %,,,,,,,
2021-01-21,HK Stock SHK,Buy,3690,1300,$380.20,"$1,788.53",0.0,0,1300,"$496,048.53",$0.00,-,-,"$496,048.53",$0.00,,,IB,,,,,
2021-09-09,HK Stock SHK,Buy,1772,2000,$157.80,$618.96,0.0,0,2000,"$316,218.96",$0.00,-,-,"$316,218.96",$0.00,,,Fund In,Fund Out,Other In/out,Currency ,Cash Balance,Balanace as at 
2021-10-27,HK Stock SHK,Buy,2013,5000,$12.14,$240.48,0.0,0,5000,"$60,940.48",$0.00,-,-,"$60,940.48",$0.00,,,"$7,200,000.00","-$8,059,974.65","$3,531,934.69",HKD,"2,671,960.04",2025/09/04
2021-11-03,HK Stock SHK,Buy,2013,5000,$11.56,$229.95,0.0,5000,10000,"$58,029.95","$60,940.48",-,-,"$118,970.43",$0.00,,,"$5,050,000.00","-$6,504,518.31","$3,353,708.79",USD,"1,899,190.48",2025/09/04
2021-10-27,HK Stock SHK,Buy,0968,6000,$15.38,$362.80,0.0,0,6000,"$92,642.80",$0.00,-,-,"$92,642.80",$0.00,,,,,,,,
2021-11-01,HK Stock SHK,Buy,2269,1000,$110.80,$435.53,0.0,0,1000,"$111,235.53",$0.00,-,-,"$111,235.53",$0.00,,,Citi SG,,,,,
2021-10-19,HK Stock Citi SG,Buy,0823,3073,$68.15,$588.42,0.0,0,3073,"$210,013.37",$0.00,-,-,"$210,013.37",$0.00,,,Fund In,Fund Out,Other In/out,Currency ,Cash Balance,Balanace as at 
2021-10-19,HK Stock Citi SG,Buy,0388,400,$476.20,$548.38,0.0,0,400,"$191,028.38",$0.00,-,-,"$191,028.38",$0.00,,,"$500,000.00","-$531,762.71","$64,372.65",HKD,"32,609.94",2025/09/04
2022-02-25,HK Stock IB,Buy,0388,1300,$389.80,"$1,079.83",0.0,400,1700,"$507,819.83","$191,028.38",-,-,"$698,848.21",$0.00,,,"$200,000.00","-$153,807.58","$142,399.87",USD,"188,592.29",2025/09/04
2022-03-04,HK Stock IB,Buy,0388,1500,$353.80,"$1,129.67",0.0,1700,3200,"$531,829.67","$698,848.21",-,-,"$1,230,677.88",$0.00,,,,,,,,
2022-03-07,HK Stock IB,Buy,3690,3400,$148.00,"$1,073.97",0.0,1300,4700,"$504,273.97","$496,048.53",-,-,"$1,000,322.50",$0.00,,,SHK,,,,,
2022-03-09,HK Stock IB,Buy,0388,1600,$324.00,"$1,105.49",0.0,3200,4800,"$519,505.49","$1,230,677.88",-,-,"$1,750,183.37",$0.00,,,Fund In,Fund Out,Other In/out,Currency ,Cash Balance,Balanace as at 
2022-03-11,HK Stock IB,Buy,0388,1500,$347.40,"$1,109.73",0.0,4800,6300,"$522,209.73","$1,750,183.37",-,-,"$2,272,393.10",$0.00,,,"$3,777,000.00","-$13,235,387.37","$10,639,378.21",HKD,"1,180,990.84",2025/09/04
2022-02-09,US Stock Citi SG,Buy,OPA,5000,$9.9998,$75.00,0.0,0,5000,"$50,074.00",$0.00,-,-,"$50,074.00",$0.00,,,$0.00,$0.00,"$2,377.62",USD,"2,377.62",2025/09/04
2022-02-09,US Stock Citi SG,Buy,TSLA,110,$941.62,$155.38,0.0,0,110,"$103,733.58",$0.00,-,-,"$103,733.58",$0.00,,,,,,,,
2022-02-24,US Stock IB,Buy,TSLA,60,$790.54,$1.00,0.0,110,170,"$47,433.10","$103,733.58",-,-,"$151,166.68",$0.00,,,Victory,,,,,
2022-02-24,US Stock IB,Buy,VYM,460,$108.81,$2.30,0.0,0,460,"$50,053.57",$0.00,-,-,"$50,053.57",$0.00,,,Fund In,Fund Out,Other In/out,Currency ,Cash Balance,Balanace as at 
2022-02-26,US Stock IB,Buy,TSLA,60,$802.69,$1.00,0.0,170,230,"$48,162.40","$151,166.68",-,-,"$199,329.08",$0.00,,,"$270,000.00","-$265,752.35",$122.90,HKD,"4,370.55",2025/09/04
2022-02-26,US Stock IB,Buy,COIN,285,$176.75,$1.42,0.0,0,285,"$50,376.42",$0.00,-,-,"$50,376.42",$0.00,,,$0.00,$0.00,$0.00,USD,0.00,2025/09/04
2022-02-26,US Stock IB,Buy,AAPL,310,$163.80,$1.55,0.0,0,310,"$50,778.91",$0.00,-,-,"$50,778.91",$0.00,,,,,,,,
2022-03-14,US Stock IB,Buy,TSLA,60,$788.68,$1.00,0.0,230,290,"$47,321.80","$199,329.08",-,-,"$246,650.88",$0.00,,,,,,,,
2022-03-14,US Stock IB,Buy,AAPL,300,$152.78,$2.01,0.0,310,610,"$45,836.01","$50,778.91",-,-,"$96,614.92",$0.00,,,,,,,,
2022-03-14,US Stock IB,Buy,QQQ,200,$324.37,$1.00,0.0,0,200,"$64,874.38",$0.00,-,-,"$64,874.38",$0.00,,,,,,,,
2022-03-14,US Stock IB,Buy,JPM,300,$131.05,$1.50,0.0,0,300,"$39,315.02",$0.00,-,-,"$39,315.02",$0.00,,,,,,,,
2022-03-14,US Stock IB,Buy,PG,400,$145.90,$2.00,0.0,0,400,"$58,363.36",$0.00,-,-,"$58,363.36",$0.00,,,,,,,,
2022-03-14,US Stock IB,Buy,PFE,1000,$52.64,$5.00,0.0,0,1000,"$52,640.84",$0.00,-,-,"$52,640.84",$0.00,,,,,,,,
2022-03-14,US Stock IB,Buy,NU,8300,$6.04,$41.50,0.0,0,8300,"$50,143.76",$0.00,-,-,"$50,143.76",$0.00,,,,,,,,
2022-03-15,HK Stock IB,Buy,0665,1000000,$1.52,"$3,233.59",0.0,0,1000000,"$1,518,763.59",$0.00,-,-,"$1,518,763.59",$0.00,,,,,,,,
2022-03-15,HK Stock Citi SG,Buy,3329,89000,$1.16,$297.96,0.0,0,89000,"$103,537.96",$0.00,-,-,"$103,537.96",$0.00,,,FUND IN RECORD ,,,,,
2022-03-16,HK Stock IB,Buy,0388,3000,$332.67,"$2,129.82",0.0,6300,9300,"$1,000,129.82","$2,272,393.10",-,-,"$3,272,522.92",$0.00,,,Date,Investment Category,Currency,Amount,Remark,
2022-03-16,US Stock IB,Buy,VOO,110,$397.34,$1.00,0.0,0,110,"$43,708.40",$0.00,-,-,"$43,708.40",$0.00,,,2022-02-25,HK Stock IB,HKD,"$2,000,000.00",,
2022-03-16,US Stock IB,Buy,VYM,450,$110.60,$2.25,0.0,460,910,"$49,770.90","$50,053.57",-,-,"$99,824.47",$0.00,,,2022-03-07,HK Stock IB,HKD,"$1,000,000.00",,
2022-03-16,US Stock IB,Buy,QQQ,150,$335.04,$1.00,0.0,200,350,"$50,256.80","$64,874.38",-,-,"$115,131.18",$0.00,,,2022-01-03,US Stock IB,USD,"$350,000.00",,
2022-03-16,US Stock IB,Buy,AAPL,320,$157.24,$1.60,0.0,610,930,"$50,318.02","$96,614.92",-,-,"$146,932.94",$0.00,,,2022-03-08,US Stock IB,USD,"$100,000.00",,
2022-03-16,US Stock IB,Buy,TSLA,60,$822.96,$1.00,0.0,290,350,"$49,378.60","$246,650.88",-,-,"$296,029.48",$0.00,,,2022-03-14,US Stock IB,USD,"$200,000.00",,
2022-03-17,HK Stock Other,Buy,2369,13750000,$0.28,$0.00,0.0,0,13750000,"$3,850,000.00",$0.00,-,-,"$3,850,000.00",$0.00,,,2022-02-09,US Stock Citi SG,USD,"$50,000.00",,
2022-03-17,US Stock IB,Buy,BRk.B,50,$339.63,$1.00,0.0,0,50,"$16,982.50",$0.00,-,-,"$16,982.50",$0.00,,,2022-02-09,US Stock Citi SG,USD,"$50,000.00",,
2022-03-17,US Stock IB,Buy,BRk.A,2,"$515,064.50",$2.00,0.0,0,2,"$1,030,130.99",$0.00,-,-,"$1,030,130.99",$0.00,,,2022-03-15,HK Stock IB,HKD,"$1,200,000.00",,
2022-03-17,US Stock IB,Buy,BRk.B,450,$343.20,$2.25,0.0,50,500,"$154,440.25","$16,982.50",-,-,"$171,422.75",$0.00,,,2022-03-15,HK Stock IB,HKD,"$1,000,000.00",,
2021-12-31,HK Stock Citi SG,Div,0823,3000,$1.60,$0.00,0.0,3073,3073,"$4,787.70","$210,013.37",-,-,"$210,013.37","$4,787.70",,,2022-03-16,US Stock IB,USD,"$200,000.00",,
2022-03-18,US Stock IB,Sell,BRk.A,2,"$515,437.58",$6.26,0.0,2,0,"$1,030,868.90","$1,030,130.99","$1,030,130.99","$515,065.50",$0.00,$737.91,,,2022-03-16,HK Stock IB,HKD,"$1,000,000.00",,
2022-03-21,HK Stock IB,Sell,0665,100000,$1.54,$328.59,0.0,1000000,900000,"$153,671.41","$1,518,763.59","$151,876.36",$1.52,"$1,366,887.23","$1,795.05",,,2022-03-16,US Stock IB,USD,"$200,000.00",,
2022-03-21,US Stock IB,Buy,NU,6300,$7.85,$31.50,0.0,8300,14600,"$49,472.37","$50,143.76",-,-,"$99,616.13",$0.00,,,2022-03-17,US Stock IB,USD,"$1,300,000.00",,
2022-03-21,US Stock IB,Buy,QQQ,140,$348.56,$1.00,0.0,350,490,"$48,799.71","$115,131.18",-,-,"$163,930.89",$0.00,,,2022-03-22,US Stock IB,USD,"$200,000.00",,
2022-03-22,HK Stock IB,Buy,0700,2600,$378.00,"$2,095.25",0.0,0,2600,"$984,895.25",$0.00,-,-,"$984,895.25",$0.00,,,2022-03-25,HK Stock IB,HKD,"$1,000,000.00",,
2022-03-23,US Stock IB,Buy,AAPL,300,$166.86,$1.50,0.0,930,1230,"$50,059.50","$146,932.94",-,-,"$196,992.44",$0.00,,,2022-04-21,US Stock IB,USD,"$500,000.00",,
2022-03-23,US Stock IB,Buy,BRk.B,140,$354.00,$1.00,0.0,500,640,"$49,561.00","$171,422.75",-,-,"$220,983.75",$0.00,,,2022-05-05,US Stock IB,USD,"$1,000,000.00",,
2022-03-23,HK Stock Citi SG,Div,0388,400,$4.18,$0.00,0.0,9300,9300,"$1,672.00","$3,272,522.92",-,-,"$3,272,522.92","$1,672.00",,,2024-12-23,US Stock IB,USD,"$1,000,000.00",,
2022-03-23,HK Stock IB,Div,0388,2800,$4.18,$0.00,0.0,9300,9300,"$11,704.00","$3,272,522.92",-,-,"$3,272,522.92","$11,704.00",,,2024-12-10,HK Stock SHK,HKD,"$2,000,000.00",,
2022-03-24,HK Stock SHK,Buy,6098,2000,$35.00,$276.50,0.0,0,2000,"$70,276.50",$0.00,-,-,"$70,276.50",$0.00,,,2025-05-14,HK Stock Victory,HKD,"$5,350,000.00",,
2022-03-25,US Stock IB,Buy,GOOGL,35,"$2,804.09",$1.00,0.0,0,35,"$98,144.15",$0.00,-,-,"$98,144.15",$0.00,,,2025-05-23,HK Stock Victory,HKD,"-$5,080,000.00",,
2022-03-25,US Stock IB,Div,VYM,910,$0.66,$180.78,0.0,910,910,$421.82,"$99,824.47",-,-,"$99,824.47",$421.82,,,,,,,,
2022-03-25,HK Stock IB,Buy,3690,2200,$134.10,$628.42,0.0,4700,6900,"$295,648.43","$1,000,322.50",-,-,"$1,295,970.93",$0.00,,,,,,,,
2022-03-25,HK Stock SHK,Buy,1211,500,$218.00,$428.05,0.0,0,500,"$109,428.05",$0.00,-,-,"$109,428.05",$0.00,,,,,,,,
2022-03-25,US Stock IB,Buy,V,450,$218.08,$2.25,0.0,0,450,"$98,138.25",$0.00,-,-,"$98,138.25",$0.00,,,,,,,,
2022-03-25,US Stock IB,Buy,Y,110,$848.00,$1.00,0.0,0,110,"$93,281.00",$0.00,-,-,"$93,281.00",$0.00,,,,,,,,
2022-03-25,US Stock IB,Buy,AAPL,580,$173.23,$2.90,0.0,1230,1810,"$100,476.15","$196,992.44",-,-,"$297,468.59",$0.00,,,,,,,,
2022-03-25,US Stock IB,Buy,UNH,200,$510.46,$1.00,0.0,0,200,"$102,093.00",$0.00,-,-,"$102,093.00",$0.00,,,Total Interest Received ,,,,,
2022-03-28,HK Stock Citi SG,Sell,3329,7000,$1.17,$91.64,0.0,89000,82000,"$8,098.36","$103,537.96","$8,143.44",$1.16,"$95,394.52",-$45.08,,,IB HKD,IB USD,Citic SG HKD,Citic SG USD,SHK HKD,
2022-03-28,US Stock IB,Buy,TSLA,90,"$1,059.00",$1.00,0.0,350,440,"$95,311.00","$296,029.48",-,-,"$391,340.48",$0.00,,,"$3,007.43","$18,938.33",0,0,1459.66,
2022-03-30,US Stock IB,Buy,AMZN,15,"$3,346.00",$1.00,0.0,0,15,"$50,191.00",$0.00,-,-,"$50,191.00",$0.00,,,HKD,"$4,467.09",,,,
2022-03-30,US Stock IB,Div,VOO,110,$1.37,$45.33,0.0,110,110,$105.78,"$43,708.40",-,-,"$43,708.40",$105.78,,,USD,"$18,938.33",,,,
2022-03-31,HK Stock SHK,Buy,2269,1000,$63.90,$253.83,0.0,1000,2000,"$64,153.83","$111,235.53",-,-,"$175,389.36",$0.00,,,,,,,,
2022-04-04,HK Stock SHK,Sell,6098,2000,$36.50,$288.23,0.0,2000,0,"$72,711.77","$70,276.50","$70,276.50",$35.14,$0.00,"$2,435.27",,,,,,,,
2022-04-04,HK Stock SHK,Sell,1211,500,$230.00,$451.53,0.0,500,0,"$114,548.47","$109,428.05","$109,428.05",$218.86,$0.00,"$5,120.42",,,Interest Record,,,,,
2022-04-04,HK Stock SHK,Sell,2269,1000,$67.50,$267.10,0.0,2000,1000,"$67,232.90","$175,389.36","$87,694.68",$87.69,"$87,694.68","-$20,461.78",,,Date,Investment Category,Currency,Amount,Remark,
2022-04-11,US Stock IB,Buy,COIN,320,$154.50,$1.60,0.0,285,605,"$49,441.60","$50,376.42",-,-,"$99,818.02",$0.00,,,2022-03-31,HK Stock SHK,HKD,$10.84,,
2021-06-21,US Stock IB,Buy,DiDi,6922,$14.45,"$2,000.00",0.0,0,6922,"$101,999.37",$0.00,-,-,"$101,999.37",$0.00,,,2022-04-30,HK Stock SHK,HKD,$11.85,,
2022-04-14,US Stock IB,Buy,TWTR,1030,$48.82,$5.15,0.0,0,1030,"$50,289.75",$0.00,-,-,"$50,289.75",$0.00,,,2022-05-31,HK Stock SHK,HKD,$13.02,,
2022-04-14,US Stock IB,Buy,TWTR,1030,$49.13,$5.15,0.0,1030,2060,"$50,609.05","$50,289.75",-,-,"$100,898.80",$0.00,,,2022-06-30,HK Stock SHK,HKD,$12.60,,
2022-04-21,US Stock IB,Buy,NU,7250,$6.91,$36.25,0.0,14600,21850,"$50,133.75","$99,616.13",-,-,"$149,749.88",$0.00,,,2022-07-31,HK Stock SHK,HKD,$13.02,,
2022-04-21,US Stock IB,Buy,Y,60,$837.37,$1.00,0.0,110,170,"$50,243.20","$93,281.00",-,-,"$143,524.20",$0.00,,,2022-08-31,HK Stock SHK,HKD,$13.02,,
2022-04-22,US Stock IB,Buy,BRk.A,1,"$510,750.00",$1.00,0.0,0,1,"$510,751.00",$0.00,-,-,"$510,751.00",$0.00,,,2022-09-30,HK Stock SHK,HKD,$23.50,,
2022-04-28,US Stock IB,Buy,BRk.B,300,$329.80,$1.50,0.0,640,940,"$98,941.50","$220,983.75",-,-,"$319,925.25",$0.00,,,2022-10-31,HK Stock SHK,HKD,$80.60,,
2022-04-28,US Stock IB,Buy,NU,7850,$6.20,$39.25,0.0,21850,29700,"$48,709.25","$149,749.88",-,-,"$198,459.13",$0.00,,,2022-11-30,HK Stock SHK,HKD,$203.04,,
2022-04-28,US Stock IB,Buy,TSLA,60,$840.00,$1.00,0.0,440,500,"$50,401.00","$391,340.48",-,-,"$441,741.48",$0.00,,,2022-12-31,HK Stock SHK,HKD,$309.71,,
2022-04-29,US Stock IB,Div,QQQ,350,$0.43,$45.54,0.0,490,490,$106.25,"$163,930.89",-,-,"$163,930.89",$106.25,,,2023-01-31,HK Stock SHK,HKD,$403.62,,
2022-05-02,US Stock IB,Div,JPM,300,$1.00,$90.00,0.0,300,300,$210.00,"$39,315.02",-,-,"$39,315.02",$210.00,,,2023-02-28,HK Stock SHK,HKD,$364.84,,
2022-05-04,US Stock IB,Buy,NU,9400,$5.48,$49.20,0.0,29700,39100,"$51,555.60","$198,459.13",-,-,"$250,014.73",$0.00,,,2022-06-03,US Stock IB,USD,$244.74,,
2022-05-04,US Stock IB,Buy,BRk.B,155,$321.30,$1.00,0.0,940,1095,"$49,802.50","$319,925.25",-,-,"$369,727.75",$0.00,,,2022-07-06,HK Stock IB,HKD,$16.99,,
2022-05-04,US Stock IB,Buy,AAPL,310,161.65,$1.55,0.0,1810,2120,"$50,113.05","$297,468.59",-,-,"$347,581.64",$0.00,,,2022-07-06,US Stock IB,USD,$580.51,,
2022-05-04,US Stock IB,Buy,QQQ,155,$318.00,$1.00,0.0,490,645,"$49,291.00","$163,930.89",-,-,"$213,221.89",$0.00,,,2022-08-03,HK Stock IB,HKD,$80.16,,
2022-05-04,US Stock IB,Buy,AMZN,20,"$2,434.46",$1.00,0.0,15,35,"$48,690.20","$50,191.00",-,-,"$98,881.20",$0.00,,,2022-08-03,US Stock IB,USD,"$1,001.64",,
2022-05-13,US Stock IB,Div,AAPL,2120,$0.23,$146.28,0.0,2120,2120,$341.32,"$347,581.64",-,-,"$347,581.64",$341.32,,,2022-09-06,HK Stock IB,HKD,$294.93,,
2022-05-16,US Stock IB,Div,PG,400,$0.91,$109.60,0.0,400,400,$255.72,"$58,363.36",-,-,"$58,363.36",$255.72,,,2022-09-06,US Stock IB,USD,"$1,561.90",,
2022-05-24,US Stock IB,Sell,DiDi,6922,$1.41,$35.73,0.0,6922,0,"$9,724.29","$101,999.37","$101,999.37",$14.74,$0.00,"-$92,275.08",,,2022-10-05,HK Stock IB,HKD,$379.68,,
2022-06-01,US Stock IB,Div,V,450,$0.38,$50.63,0.0,450,450,$118.12,"$98,138.25",-,-,"$98,138.25",$118.12,,,2022-10-05,US Stock IB,USD,"$1,701.18",,
2022-06-06,HK Stock IB,Div,0700,2600,$1.60,$0.00,0.0,2600,2600,"$4,160.00","$984,895.25",-,-,"$984,895.25","$4,160.00",,,2022-11-03,HK Stock IB,HKD,$553.59,,
2022-06-10,US Stock IB,Div,PFE,1000,$0.40,$120.00,0.0,1000,1000,$280.00,"$52,640.84",-,-,"$52,640.84",$280.00,,,2022-11-03,US Stock IB,USD,"$2,343.97",,
2022-06-06,US Stock IB,Split,AMZN,0,$0.00,$0.00,20.0,35,700,$0.00,"$98,881.20",-,-,"$98,881.20",$0.00,,,2022-12-05,HK Stock IB,HKD,$570.74,,
2022-06-22,HK Stock IB,Buy,0665,90000,$0.00,$0.00,0.0,900000,990000,$0.00,"$1,366,887.23",-,-,"$1,366,887.23",$0.00,,,2022-12-05,US Stock IB,USD,"$3,429.71",,
2022-06-24,US Stock IB,Div,VYM,910,$0.85,$231.48,0.0,910,910,$540.11,"$99,824.47",-,-,"$99,824.47",$540.11,,,2023-01-05,HK Stock IB,HKD,$584.57,,
2022-06-28,US Stock IB,Div,UNH,200,$1.65,$99.00,0.0,200,200,$231.00,"$102,093.00",-,-,"$102,093.00",$231.00,,,2023-01-05,US Stock IB,USD,"$3,907.15",,
2022-07-05,US Stock IB,Div,VOO,110,$1.43,$47.26,0.0,110,110,$110.27,"$43,708.40",-,-,"$43,708.40",$110.27,,,2023-02-03,HK Stock IB,HKD,$526.77,,
2022-07-06,HK Stock SHK,Div,0968,6000,$0.10,$36.00,0.0,6000,6000,$564.00,"$92,642.80",-,-,"$92,642.80",$564.00,,,2023-02-03,US Stock IB,USD,"$4,167.53",,
2022-07-18,US Stock IB,Split,GOOGL,0,$0.00,$0.00,20.0,35,700,$0.00,"$98,144.15",-,-,"$98,144.15",$0.00,,,2024-05-30,HK Stock Victory,HKD,$122.30,,
2022-07-19,HK Stock Citi SG,Div,3329,82000,$0.05,$0.00,0.0,82000,82000,"$4,100.00","$95,394.52",-,-,"$95,394.52","$4,100.00",,,,,,,,
2022-07-29,US Stock IB,Div,QQQ,645,$0.53,$102.05,0.0,645,645,$238.12,"$213,221.89",-,-,"$213,221.89",$238.12,,,,,,,,
2022-08-01,US Stock IB,Div,JPM,300,$1.00,$90.00,0.0,300,300,$210.00,"$39,315.02",-,-,"$39,315.02",$210.00,,,,,,,,
2022-08-02,HK Stock Citi SG,Div,0823,3073,$1.46,$0.00,0.0,3073,3073,"$4,489.04","$210,013.37",-,-,"$210,013.37","$4,489.04",,,,,,,,
2022-08-04,HK Stock SHK,Div,1772,2000,$0.32,$50.00,0.0,2000,2000,$582.37,"$316,218.96",-,-,"$316,218.96",$582.37,,,,,,,,
2022-08-04,HK Stock SHK,Buy,1772,800,$0.00,$0.00,0.0,2000,2800,$0.00,"$316,218.96",-,-,"$316,218.96",$0.00,,,,,,,,
2022-08-11,US Stock IB,Div,AAPL,2120,$0.23,$146.28,0.0,2120,2120,$341.32,"$347,581.64",-,-,"$347,581.64",$341.32,,,,,,,,
2022-08-15,US Stock IB,Div,PG,400,$0.91,$109.60,0.0,400,400,$255.72,"$58,363.36",-,-,"$58,363.36",$255.72,,,,,,,,
2022-08-25,US Stock IB,Split,TSLA,780,$0.00,$0.00,3.0,500,1280,$0.00,"$441,741.48",-,-,"$441,741.48",$0.00,,,,,,,,
2022-08-25,US Stock Citi SG,Split,TSLA,220,$0.00,$0.00,3.0,1280,1500,$0.00,"$441,741.48",-,-,"$441,741.48",$0.00,,,,,,,,
2022-09-01,US Stock IB,Div,V,450,$0.38,$50.63,0.0,450,450,$118.12,"$98,138.25",-,-,"$98,138.25",$118.12,,,,,,,,
2022-09-06,US Stock IB,Div,PFE,1000,$0.40,$120.00,0.0,1000,1000,$280.00,"$52,640.84",-,-,"$52,640.84",$280.00,,,,,,,,
2022-09-06,HK Stock SHK,Div,0968,6000,$0.10,$30.00,0.0,6000,6000,$570.00,"$92,642.80",-,-,"$92,642.80",$570.00,,,,,,,,
2022-09-14,HK Stock IB,Div,0388,8900,$3.45,$0.00,0.0,9300,9300,"$30,705.00","$3,272,522.92",-,-,"$3,272,522.92","$30,705.00",,,,,,,,
2022-09-15,HK Stock Citi SG,Div,0388,400,$3.45,$0.00,0.0,9300,9300,"$1,380.00","$3,272,522.92",-,-,"$3,272,522.92","$1,380.00",,,,,,,,
2022-09-20,US Stock IB,Div,UNH,200,$1.65,$99.00,0.0,200,200,$231.00,"$102,093.00",-,-,"$102,093.00",$231.00,,,,,,,,
2022-09-22,US Stock IB,Div,VYM,910,$0.77,$209.45,0.0,910,910,$488.70,"$99,824.47",-,-,"$99,824.47",$488.70,,,,,,,,
2022-10-04,US Stock IB,Div,VOO,110,$1.47,$48.48,0.0,110,110,$113.13,"$43,708.40",-,-,"$43,708.40",$113.13,,,,,,,,
2022-10-20,US Stock IB,Sell,Y,170,$848.02,$0.00,0.0,170,0,"$144,163.40","$143,524.20","$143,524.20",$844.26,$0.00,$639.20,,,,,,,,
2022-10-31,US Stock IB,Sell,TWTR,2060,$54.20,$0.00,0.0,2060,0,"$111,652.00","$100,898.80","$100,898.80",$48.98,$0.00,"$10,753.20",,,,,,,,
2022-10-31,US Stock IB,Div,JPM,300,$1.00,$90.00,0.0,300,300,$210.00,"$39,315.02",-,-,"$39,315.02",$210.00,,,,,,,,
2022-10-31,US Stock IB,Div,QQQ,645,$0.52,$100.34,0.0,645,645,$234.13,"$213,221.89",-,-,"$213,221.89",$234.13,,,,,,,,
2022-11-10,US Stock IB,Div,AAPL,2120,$0.23,$146.28,0.0,2120,2120,$341.32,"$347,581.64",-,-,"$347,581.64",$341.32,,,,,,,,
2022-11-15,US Stock IB,Div,PG,400,$0.91,$109.60,0.0,400,400,$255.72,"$58,363.36",-,-,"$58,363.36",$255.72,,,,,,,,
2022-12-01,US Stock IB,Div,V,450,$0.45,$60.75,0.0,450,450,$141.75,"$98,138.25",-,-,"$98,138.25",$141.75,,,,,,,,
2022-12-05,US Stock IB,Div,PFE,1000,$0.40,$120.00,0.0,1000,1000,$280.00,"$52,640.84",-,-,"$52,640.84",$280.00,,,,,,,,
2022-12-13,US Stock IB,Div,UNH,200,$1.65,$99.00,0.0,200,200,$231.00,"$102,093.00",-,-,"$102,093.00",$231.00,,,,,,,,
2022-12-22,US Stock IB,Div,VYM,910,$0.97,$266.04,0.0,910,910,$620.76,"$99,824.47",-,-,"$99,824.47",$620.76,,,,,,,,
2022-12-22,US Stock IB,Div,VOO,110,$1.67,$55.17,0.0,110,110,$128.72,"$43,708.40",-,-,"$43,708.40",$128.72,,,,,,,,
2022-12-30,US Stock IB,Div,QQQ,645,$0.66,$126.82,0.0,645,645,$295.92,"$213,221.89",-,-,"$213,221.89",$295.92,,,,,,,,
2022-12-30,HK Stock Citi SG,Div,0823,3073,$1.56,$0.00,0.0,3073,3073,"$4,778.82","$210,013.37",-,-,"$210,013.37","$4,778.82",,,,,,,,
2023-01-04,HK Stock IB,Buy,3690,260,$0.00,$0.00,0.0,6900,7160,$0.00,"$1,295,970.93",-,-,"$1,295,970.93",$0.00,,,,,,,,
2023-01-31,US Stock IB,Div,JPM,300,$1.00,$90.00,0.0,300,300,$210.00,"$39,315.02",-,-,"$39,315.02",$210.00,,,,,,,,
2023-02-15,US Stock IB,Div,PG,400,$0.91,$109.60,0.0,400,400,$255.72,"$58,363.36",-,-,"$58,363.36",$255.72,,,,,,,,
2023-02-16,US Stock IB,Div,AAPL,2120,$0.23,$146.28,0.0,2120,2120,$341.32,"$347,581.64",-,-,"$347,581.64",$341.32,,,,,,,,
2023/01/31,US Stock Citi SG,Sell,OPA,5000,$10.14,$77.22,0.0,5000.0,0,"$50,622.78","$50,074.00","$50,074.00",$10.01,$0.00,$548.78,,,,,,,,
2022-12-01,US Stock IB,Div,V,450,$0.45,$60.75,0.0,450,450,$141.75,"$98,138.25",-,-,"$98,138.25",$141.75,,,,,,,,
2023-03-03,US Stock IB,Div,PFE,1000,$0.41,$123.00,0.0,1000,1000,$287.00,"$52,640.84",-,-,"$52,640.84",$287.00,,,,,,,,
2023-03-21,US Stock IB,Div,UNH,200,$1.65,$99.00,0.0,200,200,$231.00,"$102,093.00",-,-,"$102,093.00",$231.00,,,,,,,,
2023-03-22,HK Stock IB,Div,0388,8900,$3.69,$0.00,0.0,9300,9300,"$32,841.00","$3,272,522.92",-,-,"$3,272,522.92","$32,841.00",,,,,,,,
2023-03-22,HK Stock Citi SG,Div,0388,400,$3.69,$0.00,0.0,9300,9300,"$1,476.00","$3,272,522.92",-,-,"$3,272,522.92","$1,476.00",,,,,,,,
2023-03-22,HK Stock Citi SG,Buy,0823,615,$44.20,$0.00,0.0,3073,3688,"$27,183.00","$210,013.37",-,-,"$237,196.37",$0.00,,,,,,,,
2023-03-23,US Stock IB,Div,VYM,910,$0.72,$195.80,0.0,910,910,$456.85,"$99,824.47",-,-,"$99,824.47",$456.85,,,,,,,,
2023-03-29,US Stock IB,Div,VOO,110,$1.49,$49.08,0.0,110,110,$114.53,"$43,708.40",-,-,"$43,708.40",$114.53,,,,,,,,
2023-04-12,HK Stock PUB,Buy,1884,4000,$0.52,$0.00,0.0,0,4000,"$2,080.00",$0.00,-,-,"$2,080.00",$0.00,,,,,,,,
2023-04-12,HK Stock PUB,Buy,2700,60000,$0.35,$0.00,0.0,0,60000,"$20,700.00",$0.00,-,-,"$20,700.00",$0.00,,,,,,,,
2022-12-30,US Stock IB,Div,QQQ,645,$0.47,$91.38,0.0,645,645,$213.21,"$213,221.89",-,-,"$213,221.89",$213.21,,,,,,,,
2023-05-01,US Stock IB,Div,JPM,300,$1.00,$90.00,0.0,300,300,$210.00,"$39,315.02",-,-,"$39,315.02",$210.00,,,,,,,,
2023-05-11,HK Stock SHK,Buy,1658,20000,$5.16,$406.77,0.0,0,20000,"$103,606.77",$0.00,-,-,"$103,606.77",$0.00,,,,,,,,
2023-05-11,HK Stock SHK,Buy,0941,2000,$67.05,$527.06,0.0,0.0,2000.00,"$134,627.06",$0.00,-,-,"$134,627.06",$0.00,,,,,,,,
2023-05-12,HK Stock SHK,Buy,1658,20000,$5.03,$396.05,0.0,20000.0,40000.00,"$100,996.05","$103,606.77",-,-,"$204,602.82",$0.00,,,,,,,,
2023-05-12,HK Stock SHK,Buy,0941,2000,$66.45,$521.92,0.0,2000.0,4000.00,"$133,421.92","$134,627.06",-,-,"$268,048.98",$0.00,,,,,,,,
2023-05-17,HK Stock SHK,Sell,0941,4000,$65.10,"$1,022.55",0.0,4000.0,0.00,"$259,377.45","$268,048.98","$268,048.98",$67.01,$0.00,"-$8,671.53",,,,,,,,
2023-05-17,HK Stock SHK,Buy,3690,4000,$134.66,"$2,114.93",0.0,7160.0,11160.00,"$540,764.93","$1,295,970.93",-,-,"$1,836,735.86",$0.00,,,,,,,,
2023-05-15,US Stock IB,Div,PG,400,$0.94,$112.88,0.0,400,400,$263.40,"$58,363.36",-,-,"$58,363.36",$263.40,,,,,,,,
2023-05-18,US Stock IB,Div,AAPL,2120,$0.24,$152.64,0.0,2120,2120,$356.16,"$347,581.64",-,-,"$347,581.64",$356.16,,,,,,,,
2023-06-01,US Stock IB,Div,V,450,$0.45,$60.75,0.0,450,450,$141.75,"$98,138.25",-,-,"$98,138.25",$141.75,,,,,,,,
2023-06-09,US Stock IB,Div,PFE,1000,$0.41,$123.00,0.0,1000,1000,$287.00,"$52,640.84",-,-,"$52,640.84",$287.00,,,,,,,,
2023-06-23,US Stock IB,Div,VYM,910,$0.88,$239.34,0.0,910,910,$558.46,"$99,824.47",-,-,"$99,824.47",$558.46,,,,,,,,
2023-06-27,US Stock IB,Div,UNH,200,$1.88,$112.80,0.0,200,200,$263.20,"$102,093.00",-,-,"$102,093.00",$263.20,,,,,,,,
2023-06-05,HK Stock IB,Div,0700,2600,$2.40,$0.00,0.0,2600,2600,"$6,240.00","$984,895.25",-,-,"$984,895.25","$6,240.00",,,,,,,,
2023-06-02,HK Stock SHK,Buy,1658,40000,$5.00,$785.00,0.0,40000,80000,"$200,785.00","$204,602.82",-,-,"$405,387.82",$0.00,,,,,,,,
2023-06-02,HK Stock SHK,Sell,1772,2800,$53.11,$584.38,0.0,2800.0,0.00,"$148,115.62","$316,218.96","$316,218.96",$112.94,$0.00,"-$168,103.34",,,,,,,,
2023-06-02,HK Stock SHK,Sell,2013,10000,$4.01,$161.71,0.0,10000.0,0.00,"$39,938.29","$118,970.43","$118,970.43",$11.90,$0.00,"-$79,032.14",,,,,,,,
2023-06-02,HK Stock SHK,Sell,3690,4000,$118.00,"$1,853.00",0.0,11160.0,7160.00,"$470,147.00","$1,836,735.86","$658,328.27",$164.58,"$1,178,407.59","-$188,181.27",,,,,,,,
2023-06-06,HK Stock SHK,Buy,3690,5000,$120.60,"$2,366.87",0.0,7160.0,12160,"$605,366.87","$1,836,735.86",-,-,"$2,442,102.73",$0.00,,,,,,,,
2023-06-06,HK Stock SHK,Sell,1658,80000,$5.13,"$1,611.31",0.0,80000.0,0.00,"$408,788.69","$405,387.82","$405,387.82",$5.07,$0.00,"$3,400.87",,,,,,,,
2023-06-07,HK Stock SHK,Sell,3690,5000,$125.10,"$2,455.99",0.0,12160.0,7160,"$623,044.01","$2,442,102.73","$1,004,154.08",$200.83,"$1,437,948.65","-$381,110.07",,,,,,,,
2023-06-09,HK Stock SHK,Buy,9988,10000,$83.70,"$3,286.13",0.0,0,10000.0,"$840,286.13",$0.00,-,-,"$840,286.13",$0.00,,,,,,,,
2023-06-13,HK Stock SHK,Buy,3690,7000,$128.00,"$3,516.99",0.0,7160.0,14160,"$899,516.99","$1,437,948.65",-,-,"$2,337,465.64",$0.00,,,,,,,,
2023-06-13,HK Stock SHK,Sell,9988,10000,$85.50,"$3,356.38",0.0,10000.0,0.0,"$851,643.62","$840,286.13","$840,286.13",$84.03,$0.00,"$11,357.49",,,,,,,,
2023-06-15,HK Stock SHK,Buy,0027,2000,$51.65,$407.08,0.0,0,2000,"$103,707.08",$0.00,-,-,"$103,707.08",$0.00,,,,,,,,
2023-06-15,HK Stock SHK,Sell,0968,6000,$9.29,$222.13,0.0,6000.0,0.00,"$55,517.87","$92,642.80","$92,642.80",$15.44,$0.00,"-$37,124.93",,,,,,,,
2023-06-15,HK Stock SHK,Sell,3690,7000,$131.23,"$3,606.32",0.0,14160.0,7160.00,"$914,993.68","$2,337,465.64","$1,155,526.80",$165.08,"$1,181,938.84","-$240,533.12",,,,,,,,
2023-06-16,HK Stock SHK,Buy,3690,7000,$136.60,"$3,754.03",0.0,7160.0,14160,"$959,954.03","$2,337,465.64",-,-,"$3,297,419.67",$0.00,,,,,,,,
2023-06-16,HK Stock SHK,Sell,0027,2000,$52.70,$415.47,0.0,2000.0,0.00,"$104,984.53","$103,707.08","$103,707.08",$51.85,$0.00,"$1,277.45",,,,,,,,
2023-06-27,HK Stock SHK,Sell,3690,3000,$127.10,"$1,496.96",0.0,14160.0,11160.00,"$379,803.04","$3,297,419.67","$698,605.86",$232.87,"$2,598,813.81","-$318,802.82",,,,,,,,
2023-06-28,HK Stock SHK,Sell,3690,4000,$127.50,"$2,001.76",0.0,11160.0,7160.00,"$507,998.24","$2,598,813.81","$931,474.48",$232.87,"$1,667,339.32","-$423,476.24",,,,,,,,
2023-07-05,US Stock IB,Div,VOO,110,$1.58,$52.01,0.0,110,110,$121.37,"$43,708.40",-,-,"$43,708.40",$121.37,,,,,,,,
2023-07-31,US Stock IB,Div,QQQ,645,$0.50,$97.52,0.0,645,645,$227.53,"$213,221.89",-,-,"$213,221.89",$227.53,,,,,,,,
2023-07-31,US Stock IB,Div,JPM,300,$1.00,$90.00,0.0,300,300,$210.00,"$39,315.02",-,-,"$39,315.02",$210.00,,,,,,,,
2023-07-04,HK Stock SHK,Buy,1658,27000,$4.85,$514.78,0.0,0,27000,"$131,464.78",$0.00,-,-,"$131,464.78",$0.00,,,,,,,,
2023-07-04,HK Stock SHK,Div,0968,6000,$0.10,$30.00,0.0,0,0,$570.00,$0.00,-,-,$0.00,$570.00,,,,,,,,
2023-07-05,HK Stock SHK,Buy,3690,3000,$124.60,"$1,467.22",0.0,7160.0,10160,"$375,267.22","$1,667,339.32",-,-,"$2,042,606.54",$0.00,,,,,,,,
2023-07-05,HK Stock SHK,Buy,9988,4000,$82.70,"$1,299.35",0.0,0,4000.0,"$332,099.35",$0.00,-,-,"$332,099.35",$0.00,,,,,,,,
2023-07-10,HK Stock SHK,Sell,9988,4000,$86.60,"$1,360.30",0.0,4000.0,0.0,"$345,039.70","$332,099.35","$332,099.35",$83.02,$0.00,"$12,940.35",,,,,,,,
2023-07-12,HK Stock SHK,Buy,1211,500,$260.40,$511.79,0.0,0,500,"$130,711.79",$0.00,-,-,"$130,711.79",$0.00,,,,,,,,
2023-07-13,HK Stock SHK,Sell,3690,3000,$134.20,"$1,580.82",0.0,10160.0,7160.00,"$401,019.18","$2,042,606.54","$603,131.85",$201.04,"$1,439,474.69","-$202,112.67",,,,,,,,
2023-07-14,HK Stock SHK,Buy,3690,3000,$131.80,"$1,552.93",0.0,7160.0,10160,"$396,952.93","$2,042,606.54",-,-,"$2,439,559.47",$0.00,,,,,,,,
2023-07-18,HK Stock SHK,Buy,9988,2000,$89.60,$703.40,0.0,0,2000.0,"$179,903.40",$0.00,-,-,"$179,903.40",$0.00,,,,,,,,
2023-07-25,HK Stock SHK,Buy,2269,22000,$41.60,"$3,592.40",0.0,1000,23000,"$918,792.40","$87,694.68",-,-,"$1,006,487.08",$0.00,,,,,,,,
2023-07-25,HK Stock SHK,Sell,1211,500,$269.00,$528.11,0.0,500.0,0.00,"$133,971.89","$130,711.79","$130,711.79",$261.42,$0.00,"$3,260.10",,,,,,,,
2023-07-25,HK Stock SHK,Sell,1658,27000,$4.63,$491.13,0.0,27000.0,0.00,"$124,518.87","$131,464.78","$131,464.78",$4.87,$0.00,"-$6,945.91",,,,,,,,
2023-07-25,HK Stock SHK,Sell,3690,3000,$134.40,"$1,583.40",0.0,10160.0,7160.00,"$401,616.60","$2,439,559.47","$720,342.36",$240.11,"$1,719,217.11","-$318,725.76",,,,,,,,
2023-07-25,HK Stock SHK,Sell,9988,2000,$94.10,$739.02,0.0,2000.0,0.0,"$187,460.98","$179,903.40","$179,903.40",$89.95,$0.00,"$7,557.58",,,,,,,,
2023-07-28,HK Stock SHK,Buy,0941,8000,$64.80,"$2,034.81",0.0,0,8000,"$520,434.81",$0.00,-,-,"$520,434.81",$0.00,,,,,,,,
2023-07-28,HK Stock SHK,Sell,2269,23000,$42.83,"$3,866.74",0.0,23000.0,0.00,"$981,183.26","$1,006,487.08","$1,006,487.08",$43.76,$0.00,"-$25,303.82",,,,,,,,
2023-07-31,HK Stock SHK,Buy,9988,4000,$97.90,"$1,537.95",0.0,0,4000.0,"$393,137.95",$0.00,-,-,"$393,137.95",$0.00,,,,,,,,
2023-08-02,HK Stock SHK,Buy,9988,1000,$95.10,$374.88,0.0,4000.0,5000.0,"$95,474.88",$0.00,-,-,"$95,474.88",$0.00,,,,,,,,
2023-08-07,HK Stock SHK,Buy,9988,2500,$95.20,$934.76,0.0,5000.0,7500.0,"$238,934.76","$393,137.95",-,-,"$632,072.71",$0.00,,,,,,,,
2023-08-07,HK Stock SHK,Sell,0941,4000,$65.30,"$1,025.65",0.0,8000.0,4000.00,"$260,174.35","$520,434.81","$260,217.41",$65.05,"$260,217.41",-$43.05,,,,,,,,
2023-08-10,HK Stock SHK,Div,1658,27000.0,$0.25,$87.99,0.0,0.0,0.00,"$6,709.28",$0.00,-,-,$0.00,"$6,709.28",,,,,,,,
2023-08-11,HK Stock SHK,Buy,1211,500,$256.60,$503.83,0.0,0.0,500.00,"$128,803.83",$0.00,-,-,"$128,803.83",$0.00,,,,,,,,
2023-08-11,HK Stock SHK,Buy,3690,1000,$137.60,$540.20,0.0,7160.0,8160.00,"$138,140.20","$1,719,217.11",-,-,"$1,857,357.31",$0.00,,,,,,,,
2023-08-11,HK Stock SHK,Sell,0941,4000,$66.10,"$1,038.06",0.0,4000.0,0.00,"$263,361.94","$260,217.41","$260,217.41",$65.05,$0.00,"$3,144.54",,,,,,,,
2023-08-15,US Stock IB,Div,PG,400,$0.94,$112.88,0.0,400,400,$263.40,"$58,363.36",-,-,"$58,363.36",$263.40,,,,,,,,
2023-08-17,US Stock IB,Div,AAPL,2120,$0.24,$152.64,0.0,2120,2120,$356.16,"$347,581.64",-,-,"$347,581.64",$356.16,,,,,,,,
2023-08-01,HK Stock Citi SG,Div,0823,3688,$1.19,$0.00,0.0,3688,3688,"$4,381.34","$237,196.37",-,-,"$237,196.37","$4,381.34",,,,,,,,
2023-09-01,US Stock IB,Div,V,450,$0.45,$60.75,0.0,450,450,$141.75,"$98,138.25",-,-,"$98,138.25",$141.75,,,,,,,,
2023-09-05,US Stock IB,Div,PFE,1000,$0.41,$123.00,0.0,1000,1000,$287.00,"$52,640.84",-,-,"$52,640.84",$287.00,,,,,,,,
2023-09-19,US Stock IB,Div,UNH,200,$1.88,$112.80,0.0,200,200,$263.20,"$102,093.00",-,-,"$102,093.00",$263.20,,,,,,,,
2023-09-21,US Stock IB,Div,VYM,910,$0.78,$214.19,0.0,910,910,$499.80,"$99,824.47",-,-,"$99,824.47",$499.80,,,,,,,,
2023-09-12,HK Stock IB,Div,0388,8900,$4.50,$0.00,0.0,9300.0,9300.00,"$40,050.00","$3,272,522.92",-,-,"$3,272,522.92","$40,050.00",,,,,,,,
2023-09-12,HK Stock Citi SG,Div,0388,400,$4.50,$0.00,0.0,9300,9300,"$1,800.00","$3,272,522.92",-,-,"$3,272,522.92","$1,800.00",,,,,,,,
2023-09-27,HK Stock SHK,Buy,0728,40000,$3.89,$611.44,0.0,0.0,40000.00,"$156,211.44",$0.00,-,-,"$156,211.44",$0.00,,,,,,,,
2023-09-27,HK Stock SHK,Sell,9988,3500,$84.90,"$1,167.05",0.0,7500.0,4000.0,"$295,982.95","$632,072.71","$294,967.26",$84.28,"$337,105.45","$1,015.69",,,,,,,,
2023-10-03,US Stock IB,Div,VOO,110,$1.49,$49.25,0.0,110.0,110.00,$114.93,"$43,708.40",-,-,"$43,708.40",$114.93,,,,,,,,
2023-10-09,HK Stock SHK,Buy,3690,2000,$108.40,$851.10,0.0,8160.0,10160.00,"$217,651.10","$1,857,357.31",-,-,"$2,075,008.41",$0.00,,,,,,,,
2023-10-09,HK Stock SHK,Sell,0728,40000,$3.96,$621.81,0.0,40000.0,0.00,"$157,778.19","$156,211.44","$156,211.44",$3.91,$0.00,"$1,566.75",,,,,,,,
2023-10-10,HK Stock SHK,Buy,0728,50000,$3.88,$762.25,0.0,0.0,50000.00,"$194,762.25",$0.00,-,-,"$194,762.25",$0.00,,,,,,,,
2023-10-10,HK Stock SHK,Sell,3690,2000,$113.50,$891.88,0.0,10160.0,8160.00,"$226,108.12","$2,075,008.41","$408,466.22",$204.23,"$1,666,542.19","-$182,358.10",,,,,,,,
2023-10-20,HK Stock SHK,Buy,3933,8000,$7.98,$253.03,0.0,0.0,8000.00,"$64,093.03",$0.00,-,-,"$64,093.03",$0.00,,,,,,,,
2023-10-30,HK Stock SHK,Sell,3933,8000,$8.33,$264.27,0.0,8000.0,0.00,"$66,375.73","$64,093.03","$64,093.03",$8.01,$0.00,"$2,282.70",,,,,,,,
2023-10-31,HK Stock SHK,Buy,1211,500,$241.80,$475.57,0.0,500.0,1000.00,"$121,375.57","$128,803.83",-,-,"$250,179.40",$0.00,,,,,,,,
2023-10-31,US Stock IB,Div,QQQ,645,$0.54,$103.63,0.0,645,645,$241.80,"$213,221.89",-,-,"$213,221.89",$241.80,,,,,,,,
2023-10-31,US Stock IB,Div,JPM,300,$1.05,$94.50,0.0,300,300,$220.50,"$39,315.02",-,-,"$39,315.02",$220.50,,,,,,,,
2023-11-03,US Stock IB,Buy,AAPL,574,174.51,$2.87,0.0,2120,2694,"$100,171.61","$347,581.64",-,-,"$447,753.25",$0.00,,,,,,,,
2023-11-03,US Stock IB,Buy,BRk.B,286,$350.00,$1.43,0.0,1095,1381,"$100,101.43","$369,727.75",-,-,"$469,829.18",$0.00,,,,,,,,
2023-11-10,US Stock IB,Buy,MA,257,$389.00,$1.28,0.0,0,257,"$99,974.28",$0.00,-,-,"$99,974.28",$0.00,,,,,,,,
2023-11-13,US Stock IB,Buy,TSLA,467,$213.28,$2.34,0.0,1500,1967,"$99,605.10","$441,741.48",-,-,"$541,346.58",$0.00,,,,,,,,
2023-11-15,HK Stock IB,Buy,0388,1000,$291.02,$0.00,0.0,9300.0,10300.00,"$291,020.60","$3,272,522.92",-,-,"$3,563,543.52",$0.00,,,,,,,,
2023-11-16,HK Stock IB,Buy,0388,2400,$291.22,$0.00,0.0,10300.0,12700.00,"$698,926.82","$3,563,543.52",-,-,"$4,262,470.34",$0.00,,,,,,,,
2023-11-16,US Stock IB,Div,PG,400,$0.94,$112.88,0.0,400,400,$263.40,"$58,363.36",-,-,"$58,363.36",$263.40,,,,,,,,
2023-11-16,US Stock IB,Div,AAPL,2694,$0.24,$193.97,0.0,2694,2694,$452.59,"$447,753.25",-,-,"$447,753.25",$452.59,,,,,,,,
2023-11-23,HK Stock IB,Sell,0665,100000,$1.48,$270.62,0.0,990000.0,890000.00,"$147,729.38","$1,366,887.23","$138,069.42",$1.38,"$1,228,817.81","$9,659.96",,,,,,,,
2023-11-23,HK Stock IB,Sell,0665,824000,$1.48,"$2,230.38",0.0,890000.0,66000.00,"$1,217,289.62","$1,228,817.81","$1,137,692.00",$1.38,"$91,125.82","$79,597.62",,,,,,,,
2023-11-24,HK Stock IB,Sell,0665,66000,$1.48,$178.92,0.0,66000.0,0.00,"$97,501.08","$91,125.82","$91,125.82",$1.38,$0.00,"$6,375.26",,,,,,,,
2023-12-01,US Stock IB,Div,V,450,$0.52,$70.20,0.0,450,450,$163.80,"$98,138.25",-,-,"$98,138.25",$163.80,,,,,,,,
2023-12-04,US Stock IB,Div,PFE,1000,$0.41,$123.00,0.0,1000,1000,$287.00,"$52,640.84",-,-,"$52,640.84",$287.00,,,,,,,,
2023-12-05,US Stock IB,Sell,AMZN,700.0,$143.75,$4.40,0.0,700.0,0.00,"$100,620.60","$98,881.20","$98,881.20",$141.26,$0.00,"$1,739.40",,,,,,,,
2023-12-06,HK Stock Other,Sell,2369,13750000.0,$0.28,$0.00,0.0,13750000.0,0.00,"$3,850,000.00","$3,850,000.00","$3,850,000.00",$0.28,$0.00,$0.00,,,,,,,,
2023-12-12,US Stock IB,Div,UNH,200.0,$1.88,$112.80,0.0,200.0,200.00,$263.20,"$102,093.00",-,-,"$102,093.00",$263.20,,,,,,,,
2023-12-21,US Stock IB,Div,VYM,910.0,$1.10,$300.17,0.0,910.0,910.00,$700.38,"$99,824.47",-,-,"$99,824.47",$700.38,,,,,,,,
2023-12-26,US Stock IB,Div,VOO,110.0,$1.80,$59.44,0.0,110.0,110.00,$138.68,"$43,708.40",-,-,"$43,708.40",$138.68,,,,,,,,
2023-12-29,HK Stock Citi SG,Div,0823,3688,$1.30,$0.00,0.0,3688,3688,"$4,797.35","$237,196.37",-,-,"$237,196.37","$4,797.35",,,,,,,,
2024-01-02,US Stock IB,Div,QQQ,645,$0.81,$156.40,0.0,645,645,$364.93,"$213,221.89",-,-,"$213,221.89",$364.93,,,,,,,,
2024-01-11,US Stock SHK,Div,9988,4000,$0.13,$3.84,0.0,4000.0,4000.0,$496.16,"$337,105.45",-,-,"$337,105.45",$496.16,,,,,,,,
2024-01-16,US Stock IB,Div,QQQ,645,$0.22,$41.77,0.0,645,645,$97.45,"$213,221.89",-,-,"$213,221.89",$97.45,,,,,,,,
2024-01-16,US Stock IB,Buy,PFE,700,$28.53,$3.50,0.0,1000.0,1700.00,"$19,974.50","$52,640.84",-,-,"$72,615.34",$0.00,,,,,,,,
2024-02-06,HK Stock IB,Buy,0388,2000,$243.40,$891.32,0.0,12700.0,14700.00,"$487,691.32","$4,262,470.34",-,-,"$4,750,161.66",$0.00,,,,,,,,
2024-02-01,US Stock IB,Div,JPM,300,$1.05,$94.50,0.0,300,300,$220.50,"$39,315.02",-,-,"$39,315.02",$220.50,,,,,,,,
2024-02-06,US Stock IB,Buy,TSLA,160,$184.50,$0.28,0.0,1967,2127,"$29,520.28","$541,346.58",-,-,"$570,866.86",$0.00,,,,,,,,
2024-02-09,US Stock IB,Div,MA,257,$0.66,$50.89,0.0,257,257,$118.73,"$99,974.28",-,-,"$99,974.28",$118.73,,,,,,,,
2024-02-15,US Stock IB,Div,PG,400,$0.94,$112.88,0.0,400,400,$263.40,"$58,363.36",-,-,"$58,363.36",$263.40,,,,,,,,
2024-02-15,US Stock IB,Div,AAPL,2694,$0.24,$193.97,0.0,2694,2694,$452.59,"$447,753.25",-,-,"$447,753.25",$452.59,,,,,,,,
2024-03-06,HK Stock IB,Buy,3690,2200,$89.50,$360.13,0.0,8160.0,10360.00,"$197,260.13","$1,666,542.19",-,-,"$1,863,802.32",$0.00,,,,,,,,
2024-03-08,US Stock IB,Buy,AAPL,578,$172.43,$2.89,0.0,2694.0,3272.00,"$99,666.27","$447,753.25",-,-,"$547,419.53",$0.00,,,,,,,,
2024-03-01,US Stock IB,Div,V,450,$0.52,$70.20,0.0,450,450,$163.80,"$98,138.25",-,-,"$98,138.25",$163.80,,,,,,,,
2024-03-01,US Stock IB,Div,PFE,1700,$0.42,$214.20,0.0,1700,1700,$499.80,"$72,615.34",-,-,"$72,615.34",$499.80,,,,,,,,
2024-03-19,US Stock IB,Div,UNH,200.0,$1.88,$112.80,0.0,200.0,200.00,$263.20,"$102,093.00",-,-,"$102,093.00",$263.20,,,,,,,,
2024-03-20,US Stock IB,Div,VYM,910.0,$0.66,$178.95,0.0,910.0,910.00,$417.56,"$99,824.47",-,-,"$99,824.47",$417.56,,,,,,,,
2024-03-27,US Stock IB,Div,VOO,110.0,$1.54,$50.92,0.0,110.0,110.00,$118.80,"$43,708.40",-,-,"$43,708.40",$118.80,,,,,,,,
2024-03-27,HK Stock IB,Div,0388,14300,$3.91,$0.00,0.0,14700.0,14700.00,"$55,913.00","$4,750,161.66",-,-,"$4,750,161.66","$55,913.00",,,,,,,,
2024-03-27,HK Stock Citi SG,Div,0388,400,$3.91,$0.00,0.0,14700.0,14700.00,"$1,564.00","$4,750,161.66",-,-,"$4,750,161.66","$1,564.00",,,,,,,,
2024-04-30,US Stock IB,Div,JPM,300,$1.15,$103.50,0.0,300,300,$241.50,"$39,315.02",-,-,"$39,315.02",$241.50,,,,,,,,
2024-04-30,US Stock IB,Div,QQQ,645,$0.57,$110.95,0.0,645,645,$258.93,"$213,221.89",-,-,"$213,221.89",$258.93,,,,,,,,
2024-05-09,US Stock IB,Div,MA,257,$0.66,$50.89,0.0,257,257,$118.73,"$99,974.28",-,-,"$99,974.28",$118.73,,,,,,,,
2024-05-15,US Stock IB,Div,PG,400,$1.01,$120.78,0.0,400,400,$281.82,"$58,363.36",-,-,"$58,363.36",$281.82,,,,,,,,
2024-05-16,US Stock IB,Div,AAPL,3272,$0.25,$245.40,0.0,3272,3272,$572.60,"$547,419.53",-,-,"$547,419.53",$572.60,,,,,,,,
2024-05-31,HK Stock IB,Div,0700,2600,$3.40,$0.00,0.0,2600.0,2600.00,"$8,840.00","$984,895.25",-,-,"$984,895.25","$8,840.00",,,,,,,,
2024-06-03,US Stock IB,Div,V,450,$0.52,$70.20,0.0,450,450,$163.80,"$98,138.25",-,-,"$98,138.25",$163.80,,,,,,,,
2024-06-14,US Stock IB,Div,PFE,1700,$0.42,$214.20,0.0,1700,1700,$499.80,"$72,615.34",-,-,"$72,615.34",$499.80,,,,,,,,
2024-06-17,US Stock IB,Div,GOOGL,700.0,$0.20,$42.00,0.0,700.0,700.00,$98.00,"$98,144.15",-,-,"$98,144.15",$98.00,,,,,,,,
2024-06-25,US Stock IB,Div,UNH,200.0,$2.10,$126.00,0.0,200.0,200.00,$294.00,"$102,093.00",-,-,"$102,093.00",$294.00,,,,,,,,
2024-06-25,US Stock IB,Div,VYM,910.0,$1.02,$279.47,0.0,910.0,910.00,$652.10,"$99,824.47",-,-,"$99,824.47",$652.10,,,,,,,,
2024-07-24,HK Stock PUB,Sell,1884,4000,$0.113,$0.00,0.0,4000.0,0.00,$452.00,"$2,080.00","$2,080.00",$0.52,$0.00,"-$1,628.00",,,,,,,,
2024-07-26,HK Stock SHK,Div,0728,50000,$0.09,$80.00,0.0,50000.0,50000.00,"$4,366.60","$194,762.25",-,-,"$194,762.25","$4,366.60",,,,,,,,
2024-07-29,HK Stock SHK,Div,1211,1000,$3.07,$34.00,0.0,1000.0,1000.00,"$3,031.48","$250,179.40",-,-,"$250,179.40","$3,031.48",,,,,,,,
2024-07-03,US Stock SHK,Div,9988,4000,$0.21,$4.15,0.0,4000.0,4000.0,$825.85,"$337,105.45",-,-,"$337,105.45",$825.85,,,,,,,,
2024-07-02,US Stock IB,Div,VOO,110.0,$1.78,$58.86,0.0,110.0,110.00,$137.33,"$43,708.40",-,-,"$43,708.40",$137.33,,,,,,,,
2024-07-31,US Stock IB,Div,JPM,300,$1.15,$103.50,0.0,300,300,$241.50,"$39,315.02",-,-,"$39,315.02",$241.50,,,,,,,,
2024-07-31,US Stock IB,Div,QQQ,645,$0.76,$147.34,0.0,645,645,$343.83,"$213,221.89",-,-,"$213,221.89",$343.83,,,,,,,,
2024-08-27,HK Stock SHK,Buy,0388,2100,$235.20,"$1,790.55",0.0,14700.0,16800.00,"$495,710.55","$4,750,161.66",-,-,"$5,245,872.21",$0.00,,,,,,,,
2024-08-13,HK Stock Citi SG,Div,0823,3688,$1.33,$0.00,0.0,3688.0,3688.00,"$4,889.18","$237,196.37",-,-,"$237,196.37","$4,889.18",,,,,,,,
2024-08-05,US Stock IB,Div,MA,257,$0.66,$50.89,0.0,257,257,$118.73,"$99,974.28",-,-,"$99,974.28",$118.73,,,,,,,,
2024-08-15,US Stock IB,Div,PG,400,$1.01,$120.78,0.0,400,400,$281.82,"$58,363.36",-,-,"$58,363.36",$281.82,,,,,,,,
2024-08-15,US Stock IB,Div,AAPL,3272,$0.25,$245.40,0.0,3272,3272,$572.60,"$547,419.53",-,-,"$547,419.53",$572.60,,,,,,,,
2024-09-03,US Stock IB,Div,V,450,$0.52,$70.20,0.0,450,450,$163.80,"$98,138.25",-,-,"$98,138.25",$163.80,,,,,,,,
2024-09-03,US Stock IB,Div,PFE,1700,$0.42,$214.20,0.0,1700,1700,$499.80,"$72,615.34",-,-,"$72,615.34",$499.80,,,,,,,,
2024-09-16,US Stock IB,Div,GOOGL,700.0,$0.20,$42.00,0.0,700.0,700.00,$98.00,"$98,144.15",-,-,"$98,144.15",$98.00,,,,,,,,
2024-09-17,HK Stock Citi SG,Div,0388,400,$4.36,$0.00,0.0,16800.0,16800.00,"$1,744.00","$5,245,872.21",-,-,"$5,245,872.21","$1,744.00",,,,,,,,
2024-09-17,HK Stock SHK,Div,0388,2100,$4.36,$87.78,0.0,16800.0,16800.00,"$9,068.22","$5,245,872.21",-,-,"$5,245,872.21","$9,068.22",,,,,,,,
2024-09-17,HK Stock IB,Div,0388,14300,$4.36,$0.00,0.0,16800.0,16800.00,"$62,348.00","$5,245,872.21",-,-,"$5,245,872.21","$62,348.00",,,,,,,,
2024-09-24,US Stock IB,Div,UNH,200.0,$2.10,$126.00,0.0,200.0,200.00,$294.00,"$102,093.00",-,-,"$102,093.00",$294.00,,,,,,,,
2024-09-24,US Stock IB,Div,VYM,910.0,$0.85,$232.35,0.0,910.0,910.00,$542.15,"$99,824.47",-,-,"$99,824.47",$542.15,,,,,,,,
2024-10-18,HK Stock SHK,Div,0728,50000,$0.16,$41.02,0.0,50000.0,50000.00,"$8,161.98","$194,762.25",-,-,"$194,762.25","$8,161.98",,,,,,,,
2024-10-01,US Stock IB,Div,VOO,110.0,$1.64,$54.08,0.0,110.0,110.00,$126.17,"$43,708.40",-,-,"$43,708.40",$126.17,,,,,,,,
2024-04-30,US Stock IB,Div,JPM,300,$1.25,$112.50,0.0,300,300,$262.50,"$39,315.02",-,-,"$39,315.02",$262.50,,,,,,,,
2024-10-31,US Stock IB,Div,QQQ,645,$0.68,$130.97,0.0,645,645,$305.60,"$213,221.89",-,-,"$213,221.89",$305.60,,,,,,,,
2024-11-08,US Stock IB,Div,MA,257,$0.66,$50.89,0.0,257,257,$118.73,"$99,974.28",-,-,"$99,974.28",$118.73,,,,,,,,
2024-11-14,US Stock IB,Div,AAPL,3272,$0.25,$245.40,0.0,3272,3272,$572.60,"$547,419.53",-,-,"$547,419.53",$572.60,,,,,,,,
2024-11-15,US Stock IB,Div,PG,400,$1.01,$120.78,0.0,400,400,$281.82,"$58,363.36",-,-,"$58,363.36",$281.82,,,,,,,,
2024-12-10,HK Stock SHK,Buy,0388,1500,$315.40,"$1,715.93",0.0,16800.0,18300.00,"$474,815.93","$5,245,872.21",-,-,"$5,720,688.14",$0.00,,,,,,,,
2024-12-10,HK Stock SHK,Buy,0823,4300,$34.75,$542.27,0.0,3688.0,7988.00,"$149,967.27","$237,196.37",-,-,"$387,163.64",$0.00,,,,,,,,
2024-12-10,HK Stock SHK,Buy,9988,3900,$88.20,"$1,247.00",0.0,4000.0,7900.0,"$345,227.00","$337,105.45",-,-,"$682,332.45",$0.00,,,,,,,,
2024-12-02,US Stock IB,Div,V,450,$0.59,$79.65,0.0,450,450,$185.85,"$98,138.25",-,-,"$98,138.25",$185.85,,,,,,,,
2024-12-02,US Stock IB,Div,PFE,1700,$0.42,$214.20,0.0,1700,1700,$499.80,"$72,615.34",-,-,"$72,615.34",$499.80,,,,,,,,
2024-12-16,US Stock IB,Div,GOOGL,700.0,$0.20,$42.00,0.0,700.0,700.00,$98.00,"$98,144.15",-,-,"$98,144.15",$98.00,,,,,,,,
2024-12-17,US Stock IB,Div,UNH,200.0,$2.10,$126.00,0.0,200.0,200.00,$294.00,"$102,093.00",-,-,"$102,093.00",$294.00,,,,,,,,
2024-12-24,US Stock IB,Div,VYM,910.0,$0.96,$263.22,0.0,910.0,910.00,$614.20,"$99,824.47",-,-,"$99,824.47",$614.20,,,,,,,,
2024-12-26,US Stock IB,Div,VOO,110.0,$1.74,$57.37,0.0,110.0,110.00,$133.87,"$43,708.40",-,-,"$43,708.40",$133.87,,,,,,,,
2024-12-27,HK Stock Citi SG,Div,0823,3688,$1.35,$0.00,0.0,7988.0,7988.00,"$4,974.74","$387,163.64",-,-,"$387,163.64","$4,974.74",,,,,,,,
2024-12-31,US Stock IB,Div,QQQ,645,$0.83,$161.51,0.0,645,645,$376.85,"$213,221.89",-,-,"$213,221.89",$376.85,,,,,,,,
2024-12-19,US Stock IB,Buy,UNH,199,$503.47,$0.01,0.0,200,399,"$100,191.00","$102,093.00",-,-,"$202,284.00",$0.00,,,,,,,,
2025-01-07,HK Stock IB,Sell,0700,2600,$389.80,"$1,629.59",0.0,2600.0,0.00,"$1,011,850.41","$984,895.25","$984,895.25",$378.81,$0.00,"$3,455.79",,$0.00,,,,,,
2025-01-02,US Stock IB,Buy,MSTR,656,$307.00,$1.08,0.0,0,656,"$201,393.08",$0.00,-,-,"$201,393.08",$0.00,,,,,,,,
2025-01-07,US Stock IB,Buy,NU,572,$10.50,$3.84,0.0,39100,39672,"$6,009.69","$250,014.73",-,-,"$256,024.42",$0.00,,,,,,,,
2025-01-31,US Stock IB,Div,JPM,300,$1.25,$112.50,0.0,300,300,$262.50,"$39,315.02",-,-,"$39,315.02",$262.50,,,,,,,,
2025-02-04,US Stock IB,Sell,JPM,250,$266.78,$2.31,0.0,300.0,50.00,"$66,692.69","$39,315.02","$32,762.52",$131.05,"$6,552.50","$33,930.18",,"$264,655.37",,,,,,
2025-02-05,US Stock IB,Sell,TSLA,897,$388.50,$11.31,0.0,2127,1230,"$348,473.19","$570,866.86","$240,746.39",$268.39,"$330,120.47","$107,726.80",,"$840,269.04",,,,,,
2025-02-07,US Stock IB,Sell,TSLA,450,$368.00,$5.41,0.0,1230,780,"$165,594.59","$330,120.47","$120,775.78",$268.39,"$209,344.69","$44,818.81",,"$349,586.71",,,,,,
2025-02-11,US Stock IB,Sell,TSLA,225,$348.63,$3.74,0.0,780,555,"$78,437.66","$209,344.69","$60,387.89",$268.39,"$148,956.80","$18,049.77",,"$140,788.20",,,,,,
2025-02-10,US Stock IB,Div,MA,257,$0.76,$58.60,0.0,257,257,$136.72,"$99,974.28",-,-,"$99,974.28",$136.72,,"$1,066.42",,,,,,
2025-02-13,US Stock IB,Div,AAPL,3272,$0.25,$245.40,0.0,3272,3272,$572.60,"$547,419.53",-,-,"$547,419.53",$572.60,,"$4,466.28",,,,,,
2025-02-18,US Stock IB,Div,PG,400,$1.01,$120.78,0.0,400,400,$281.82,"$58,363.36",-,-,"$58,363.36",$281.82,,"$2,198.20",,,,,,
2025-03-03,US Stock IB,Div,V,450,$0.59,$79.65,0.0,450,450,$185.85,"$98,138.25",-,-,"$98,138.25",$185.85,,"$1,449.63",,,,,,
2025-03-07,US Stock IB,Div,PFE,1700,$0.43,$219.30,0.0,1700,1700,$511.70,"$72,615.34",-,-,"$72,615.34",$511.70,,"$3,991.26",,,,,,
2025-03-17,US Stock IB,Div,GOOGL,700.0,$0.20,$42.00,0.0,700.0,700.00,$98.00,"$98,144.15",-,-,"$98,144.15",$98.00,,$764.40,,,,,,
2025-03-18,US Stock IB,Div,UNH,399.0,$2.10,$251.37,0.0,399.0,399.00,$586.53,"$202,284.00",-,-,"$202,284.00",$586.53,,"$4,574.93",,,,,,
2025-03-25,US Stock IB,Div,VYM,910.0,$0.85,$232.06,0.0,910.0,910.00,$541.44,"$99,824.47",-,-,"$99,824.47",$541.44,,"$4,223.23",,,,,,
2025-03-31,US Stock IB,Div,VOO,110.0,$1.81,$59.80,0.0,110.0,110.00,$139.53,"$43,708.40",-,-,"$43,708.40",$139.53,,"$1,088.34",,,,,,
2025-03-26,HK Stock Citi SG,Div,0388,400,$4.90,$0.00,0.0,18300.0,18300.00,"$1,960.00","$5,720,688.14",-,-,"$5,720,688.14","$1,960.00",,"$1,960.00",,,,,,
2025-03-26,HK Stock IB,Div,0388,14300,$4.90,$0.00,0.0,18300.0,18300.00,"$70,070.00","$5,720,688.14",-,-,"$5,720,688.14","$70,070.00",,"$70,070.00",,,,,,
2025-03-31,HK Stock SHK,Div,0388,3600,$4.90,$118.20,0.0,18300.0,18300.00,"$17,521.80","$5,720,688.14",-,-,"$5,720,688.14","$17,521.80",,"$17,521.80",,,,,,
2025-04-09,HK Stock SHK,Sell,9988,7900,$100.60,"$2,881.24",0.0,7900.0,0.0,"$791,858.76","$682,332.45","$682,332.45",$86.37,$0.00,"$109,526.31",,"$109,526.31",,,,,,
2025-04-09,HK Stock SHK,Sell,1211,1000,$320.40,"$1,162.05",0.0,1000.0,0.00,"$319,237.95","$250,179.40","$250,179.40",$250.18,$0.00,"$69,058.55",,"$69,058.55",,,,,,
2025-04-09,US Stock IB,Sell,PG,100,$156.43,$1.13,0.0,400.0,300.00,"$15,641.63","$58,363.36","$14,590.84",$145.91,"$43,772.52","$1,050.79",,"$8,196.16",,,,,,
2025-04-09,US Stock IB,Sell,PG,100,$156.20,$0.61,0.0,300.0,200.00,"$15,619.39","$43,772.52","$14,590.84",$145.91,"$29,181.68","$1,028.55",,"$8,022.65",,,,,,
2025-04-09,US Stock IB,Sell,PG,100,$156.60,$0.62,0.0,200.0,100.00,"$15,659.38","$29,181.68","$14,590.84",$145.91,"$14,590.84","$1,068.54",,"$8,334.65",,,,,,
2025-04-09,US Stock IB,Sell,PG,100,$156.97,$1.13,0.0,100.0,0.00,"$15,695.87","$14,590.84","$14,590.84",$145.91,$0.00,"$1,105.03",,"$8,619.26",,,,,,
2025-04-09,US Stock IB,Sell,AAPL,1272,$176.60,$12.56,0.0,3272.0,2000.00,"$224,623.00","$547,419.53","$212,811.01",$167.30,"$334,608.51","$11,811.99",,"$92,133.52",,,,,,
2025-04-09,US Stock IB,Sell,AAPL,2000,$176.79,$19.62,0.0,2000.0,0.00,"$353,557.58","$334,608.51","$334,608.51",$167.30,$0.00,"$18,949.06",,"$147,802.70",,,,,,
2025-04-30,US Stock IB,Div,JPM,50,$1.40,$21.00,0.0,50,50,$49.00,"$6,552.50",-,-,"$6,552.50",$49.00,,$382.20,,,,,,
2025-04-30,US Stock IB,Div,QQQ,645,$0.72,$138.49,0.0,645,645,$323.14,"$213,221.89",-,-,"$213,221.89",$323.14,,"$2,520.49",,,,,,
2025-05-09,US Stock IB,Buy,GOOGL,645.0,$155.00,$1.57,0.0,700.0,1345.00,"$99,976.57","$98,144.15",-,-,"$198,120.72",$0.00,,$0.00,,,,,,
2025-05-09,US Stock IB,Buy,TSLA,325,$305.00,$0.75,0.0,555,880,"$99,125.79","$148,956.80",-,-,"$248,082.58",$0.00,,$0.00,,,,,,
2025-05-09,US Stock IB,Div,MA,257,$0.76,$58.60,0.0,257,257,$136.72,"$99,974.28",-,-,"$99,974.28",$136.72,,,,,,,,
2025-05-20,HK Stock Victory,Buy,3750,1000.0,$265.65,$100.35,0.0,0.0,1000.00,"$265,752.35",$0.00,-,-,"$265,752.35",$0.00,,$0.00,,,,,,
2025-05-20,US Stock IB,Buy,UNH,920.0,$325.78,$6.20,0.0,399.0,1319.00,"$299,725.24","$202,284.00",-,-,"$502,009.23",$0.00,,$0.00,,,,,,
2025-06-02,US Stock IB,Div,V,450,$0.59,$79.65,0.0,450.0,450.00,$185.85,"$98,138.25",-,-,"$98,138.25",$185.85,,"$1,449.63",,,,,,
2025-06-04,HK Stock SHK,Buy,9988,4300,$115.30,"$1,797.47",0.0,0.0,4300.0,"$497,587.47",$0.00,-,-,"$497,587.47",$0.00,,$0.00,,,,,,
2025-06-09,US Stock IB,Sell,TSLA,550.0,$288.00,$1.43,0.0,880,330,"$158,398.57","$248,082.58","$155,050.79",$281.91,"$93,031.80","$3,347.78",,"$26,112.71",,,,,,
2025-06-09,US Stock Citi SG,Sell,TSLA,330.0,$283.00,,0.0,330.0,0.00,"$93,390.00","$93,031.80","$93,030.47",$281.91,$1.32,$359.53,,"$2,804.32",,,,,,
2025-06-11,US Stock IB,Buy,MSTR,512.0,$389.98,$3.38,0.0,656.0,1168.00,"$199,674.37","$201,393.08",-,-,"$401,067.45",$0.00,,$0.00,,,,,,
2025-06-13,US Stock IB,Div,PFE,1700.0,$0.43,$219.30,0.0,1700.0,1700.00,$511.70,"$72,615.34",-,-,"$72,615.34",$511.70,,"$3,991.26",,,,,,
2025-06-16,US Stock IB,Div,GOOGL,1345.0,$0.21,$84.74,0.0,1345.0,1345.00,$197.71,"$198,120.72",-,-,"$198,120.72",$197.71,,"$1,542.14",,,,,,
2025-06-24,US Stock IB,Div,UNH,1319.0,$2.21,$874.50,0.0,1319.0,1319.00,"$2,040.49","$502,009.23",-,-,"$502,009.23","$2,040.49",,"$15,915.82",,,,,,
2025-06-24,US Stock IB,Div,VYM,910.0,$0.86,$235.25,0.0,910.0,910.00,$548.90,"$99,824.47",-,-,"$99,824.47",$548.90,,"$4,281.40",,,,,,
2025-06-25,US Stock IB-Open,Open,CRCL,940.0,$209.05,"$1,544.00",0.0,,,"$194,963.00","$112,896.40",,,,"$82,066.60",,"$640,119.48",Open Interest,,,,,
2025-07-02,US Stock IB,Div,VOO,110.0,$1.74,$57.58,0.0,110.0,110.00,$134.34,"$43,708.40",-,-,"$43,708.40",$134.34,,"$1,047.83",,,,,,
2025-07-03,US Stock SHK,Div,9988,4300.0,$0.25,$18.28,0.0,4300.0,4300.00,"$1,056.72","$497,587.47",-,-,"$497,587.47","$1,056.72",,"$1,056.72",,,,,,
2025-07-18,HK Stock SHK,Div,0728,50000.0,$0.09,$30.00,0.0,50000.0,50000.00,"$4,498.66","$194,762.25",-,-,"$194,762.25","$4,498.66",,"$4,498.66",,,,,,
2025-07-28,US Stock IB,Buy,BRk.B,515.0,$484.57,$2.58,0.0,1381.0,1896.00,"$249,556.13","$469,829.18",-,-,"$719,385.31",$0.00,,$0.00,,,,,,
2025-07-31,US Stock IB,Div,QQQ,645.0,$0.59,$114.38,0.0,645.0,645.00,$266.89,"$213,221.89",-,-,"$213,221.89",$266.89,,"$2,081.71",,,,,,
2025-08-07,HK Stock Victory,Sell,3750,1000.0,$402.20,,,1000.0,0.00,"$402,200.00","$265,752.35","$265,752.35",$265.75,$0.00,"$136,447.65",,"$136,447.65",,,,,,
2025-08-18,US Stock IB,Buy,UNH,960.0,$313.00,,,1319.0,2279.00,"$300,480.00","$502,009.23",-,-,"$802,489.23",$0.00,,$0.00,,,,,,
2025-08-22,US Stock IB,Buy,SBET,1000.0,$18.50,,,0.0,1000.00,"$18,500.00",$0.00,-,-,"$18,500.00",$0.00,,$0.00,,,,,,
2025-08-22,US Stock IB,Buy,SBET,1000.0,$18.45,,,0.0,1000.00,"$18,450.00",$0.00,-,-,"$18,450.00",$0.00,,$0.00,,,,,,
2025-08-22,US Stock IB,Buy,SBET,1400.0,$18.35,,,1000.0,2400.00,"$25,690.00","$18,500.00",-,-,"$44,190.00",$0.00,,$0.00,,,,,,
2025-08-22,US Stock IB,Buy,BNC,4400.0,$23.27,,,0.0,4400.00,"$102,388.00",$0.00,-,-,"$102,388.00",$0.00,,$0.00,,,,,,
2025-08-22,US Stock IB,Buy,SBET,2000.0,$18.78,,,2400.0,4400.00,"$37,560.00","$44,190.00",-,-,"$81,750.00",$0.00,,$0.00,,,,,,
2025-09-01,HK Stock IB,Sell,3690,5200.0,$102.80,,,10360.0,5160.00,"$534,560.00","$1,863,802.32","$935,499.23",$179.90,"$928,303.08","-$400,939.23",,"-$400,939.23",,,,,,
2025-09-01,HK Stock SHK,Buy,9988,3900.0,$137.40,,,4300.0,8200.00,"$535,860.00","$497,587.47",-,-,"$1,033,447.47",$0.00,,$0.00,,,,,,
,,,,,,,,,,,,,,,,,,,,,,,
,,,,,,,,,,,,,,,,,,,,,,,
,,,,,,,,,,,,,,,,,,,,,,,
,,,,,,,,,,,,,,,,,,,,,,,
,,,,,,,,,,,,,,,,,,,,,,,
,,,,,,,,,,,,,,,,,,,,,,,
,,,,,,,,,,,,,,,,,,,,,,,
,,,,,,,,,,,,,,,,,,,,,,,
,,,,,,,,,,,,,,,,,,,,,,,
,,,,,,,,,,,,,,,,,,,,,,,
,,,,,,,,,,,,,,,,,,,,,,,
,,,,,,,,,,,,,,,,,,,,,,,
,,,,,,,,,,,,,,,,,,,,,,,
,,,,,,,,,,,,,,,,,,,,,,,
,,,,,,,,,,,,,,,,,,,,,,,#REF!